Genre,Year,Stream
Hip Hop,2005,1040234854
Hip Hop,2001,617259738
Rock,1999,1055738398
Rock,1991,1061750522
Rock,2002,866464951
Rock,1999,613838674
Rock,1999,732774515
Rock,2006,860722316
Rock,2006,550067391
Rock,2002,367485508
Rock,1991,301947159
Rock,2016,385677873
Dance/Electronic,2016,202477187
Metal,1986,0
Metal,1998,327681785
Rock,1972,327681785
Metal,1988,0
Dance/Electronic,2000,1483622308
Dance/Electronic,2008,1325575712
Dance/Electronic,2015,475353044
Dance/Electronic,2017,2030825694
Dance/Electronic,2017,2030825694
Dance/Electronic,2002,1465980600
Dance/Electronic,2014,1021782403
Dance/Electronic,2014,1021782403
Dance/Electronic,2011,927288329
Dance/Electronic,2012,927288329
Dance/Electronic,2015,1049654852
Dance/Electronic,2005,1115171056
Dance/Electronic,2013,844698895
Dance/Electronic,2013,844698895
Dance/Electronic,2001,471747761
Dance/Electronic,1997,293417547
Dance/Electronic,2001,292668007
Metal,2000,1444841705
Metal,2003,1195213410
Hip Hop,2004,778880225
Rock,1993,1101854725
Rock,1997,379349681
Rock,1997,382823305
Rock,1995,219867047
Rock,1979,1143164505
Rock,1990,1088388556
Rock,1980,1182379398
Rock,1980,802076123
Dance/Electronic,2009,1001227038
Dance/Electronic,2003,752091441
Dance/Electronic,2011,331578264
Dance/Electronic,2010,363930118
Pop,1982,1302677366
Pop,1995,826832314
Pop,1987,526030670
Pop,1979,346137424
Pop,1995,256361972
Pop,1987,349629692
Pop,2014,280500270
Pop,2014,280500270
Dance/Electronic,2012,995490565
Dance/Electronic,2013,995490565
Dance/Electronic,2010,502735560
Dance/Electronic,2011,502735560
Dance/Electronic,2012,476783121
Dance/Electronic,2012,476783121
Dance/Electronic,2017,662431775
Dance/Electronic,2018,662431775
Hip Hop,2002,1457351902
Hip Hop,2000,1232567233
Hip Hop,2000,799979337
Hip Hop,2010,1115478746
Dance/Electronic,2014,1143833476
Dance/Electronic,2014,1143833476
Metal,2003,203066841
Dance/Electronic,2018,1322057199
Pop,2019,1241240312
Rock,1969,942898131
Rock,1970,526788025
Rock,1969,574936342
Rock,1965,475131674
Rock,1963,341963190
Rock,1968,326733164
Rock,1965,266426563
Rock,2000,334903879
Rock,1969,233382117
Dance/Electronic,2015,981156901
Dance/Electronic,2013,481224452
Dance/Electronic,2015,424022714
Pop,1961,642724292
Pop,1969,355940570
Pop,1973,217996516
Pop,1982,126445901
Pop,1973,126445901
Pop,1969,138978979
Pop,2002,107417556
R&B/Soul,2007,411056377
R&B/Soul,1995,243928109
Dance/Electronic,2002,202521145
Dance/Electronic,2015,1404231856
Dance/Electronic,2014,1404231856
Dance/Electronic,2016,1538447140
Dance/Electronic,2015,733035056
Rock,1977,800258505
Rock,1987,615384523
Rock,1977,732367244
Rock,1975,512338633
Rock,1977,252302426
Rock,1975,302893047
Pop,1976,877774503
Pop,1979,519184335
Pop,1975,375576936
Pop,1980,295039369
Pop,1977,250065301
Pop,1980,252601051
Pop,1974,222521002
Pop,1979,210743145
Pop,1980,208513838
Pop,1969,329370178
Dance/Electronic,2017,329370178
Pop,1962,506872698
Pop,1966,212972149
Rock,1983,649281620
Rock,1972,828968108
Rock,1970,654292280
Rock,1990,562468940
Rock,1971,606925181
Rock,1973,242563343
Hip Hop,2011,1054470731
Hip Hop,2009,678424384
Hip Hop,2004,778880225
Hip Hop,2011,1054470731
Dance/Electronic,2003,836260550
Dance/Electronic,2008,1257746758
Dance/Electronic,2011,524847088
Dance/Electronic,2011,524847088
Pop,2018,739180747
Dance/Electronic,2011,480726300
Dance/Electronic,2011,480726300
Jazz/Latin,2019,1506598267
Dance/Electronic,2019,866702211
Dance/Electronic,1994,1437977604
Dance/Electronic,1977,257187137
Rock,1979,0
Rock,1981,557368632
Rock,1973,0
Rock,1979,0
Rock,1973,0
Rock,1973,0
Rock,1979,0
Rock,1973,0
Metal,2001,949503301
Pop,2015,181343293
Pop,2015,181343293
Rock,1994,778937392
Rock,2004,706697133
Rock,1997,493904399
Rock,2004,572329705
Rock,2017,551065028
Rock,1994,373991248
Rock,2009,470768474
Rock,2017,215950182
Rock,2006,407737878
Rock,2009,496116359
Rock,2006,316493449
Rock,2006,188191094
Rock,2012,264508776
Rock,2015,207866342
Rock,2001,123322561
Rock,2009,152135034
Rock,1973,771341288
R&B/Soul,2004,315532319
Pop,1995,1568357013
Pop,1995,0
Pop,1995,310236960
Pop,1994,196083015
Pop,1997,42404903
Rock,1966,834723073
Rock,1965,561632246
Rock,1969,470944917
Rock,1973,282086014
Rock,1978,154402021
Rock,1969,149203954
Rock,1973,274717861
Metal,1999,798081462
Indie/Folk,1980,617214277
Indie/Folk,1977,726093012
Indie/Folk,1978,562706540
Indie/Folk,1983,379999345
Indie/Folk,1977,371295077
Indie/Folk,1980,279373631
Indie/Folk,1975,263155760
Rock,1972,344532624
Rock,1977,398055023
Rock,1974,310269583
Rock,1969,309430985
Rock,1971,263426694
Rock,1983,238006778
Rock,1971,155279152
Rock,1972,119712975
Metal,1986,1136987099
Metal,1986,803312398
Metal,2000,633798307
Metal,1994,399920066
Metal,1986,335808355
Metal,1992,277814070
R&B/Soul,1999,754591572
Rock,1970,975300588
Rock,1969,904262158
Rock,1969,568442546
Rock,1969,221908951
Dance/Electronic,1993,221908951
Rock,1969,303815108
Rock,1970,211189899
Rock,1970,151656881
Rock,1970,178387111
Rock,1969,100789298
Rock,1987,803376048
Rock,1987,531487905
Rock,1991,447961684
Country,2000,447961684
Dance/Electronic,2005,447961684
Rock,2000,434312667
Rock,1983,312372765
Rock,1987,141713043
Rock,1984,199004519
Rock,2004,108148330
Pop,1977,134009247
Pop,1979,361014530
Pop,1990,300077531
Pop,1967,120135869
Pop,1968,102310593
Rock,1983,621088349
Rock,1984,324222155
Rock,2001,676661762
Rock,1989,368967530
Rock,1977,249630617
Rock,1977,186034963
Dance/Electronic,2010,186034963
Pop,2011,186034963
Pop,2010,186034963
Pop,2018,184691650
Dance/Electronic,2010,184691650
Dance/Electronic,1987,914287347
Dance/Electronic,1992,541717370
Pop,1974,541717370
Dance/Electronic,1992,324899226
Dance/Electronic,2019,773933173
Dance/Electronic,1985,149838819
Dance/Electronic,2009,116151341
Dance/Electronic,2009,257732847
Dance/Electronic,2009,255119669
Hip Hop,2009,335205769
Hip Hop,2010,335205769
Indie/Folk,2018,591626625
Indie/Folk,2006,397400002
Indie/Folk,2006,333846640
Indie/Folk,2008,474465270
Indie/Folk,2006,324961495
Dance/Electronic,2014,345333488
Dance/Electronic,2013,481224452
Dance/Electronic,2018,926130037
Indie/Folk,2014,926130037
Dance/Electronic,2015,285315583
Dance/Electronic,2002,271955400
Pop,2002,507328694
Pop,1976,260138692
Pop,1976,57507881
Rock,1990,297949976
Hip Hop,2010,586592445
Hip Hop,2010,271547095
Dance/Electronic,2014,166588725
Rock,1991,410343432
Rock,1991,428537218
Dance/Electronic,2015,428537218
Rock,1991,348404281
Rock,1991,270771263
Rock,2009,186621364
Metal,2005,430435750
Metal,1998,341892169
Pop,2013,59697490
Country,2002,518524112
Dance/Electronic,2006,518524112
Country,1963,295020202
Rock,1976,1225904497
Rock,1972,456755530
Rock,1975,196959826
Rock,1973,150454398
Rock,1973,87076947
Rock,1976,112876885
Metal,1998,343955425
Dance/Electronic,2007,637110207
Dance/Electronic,1979,0
Dance/Electronic,1992,0
Dance/Electronic,1985,0
Dance/Electronic,2016,160142201
Dance/Electronic,2017,69780800
Hip Hop,2003,1004053030
Dance/Electronic,2016,292224239
Pop,1983,58527463
R&B/Soul,2016,58527463
R&B/Soul,2015,58527463
Dance/Electronic,2010,58527463
Indie/Folk,1982,457754545
Indie/Folk,1981,548439010
Indie/Folk,2016,316883477
Indie/Folk,1989,331410674
Indie/Folk,1999,309356443
Rock,1984,253104372
Jazz/Latin,2019,1506598267
Jazz/Latin,2017,1593687904
Pop,2001,1080660101
Pop,2013,366359071
Dance/Electronic,2013,474492270
Dance/Electronic,2017,1098764242
Dance/Electronic,2014,269003990
Dance/Electronic,2015,307858215
Dance/Electronic,2013,257603194
Dance/Electronic,2001,18025225
Rock,1984,511961928
Rock,1984,335395734
Rock,1984,369288087
Rock,1975,283696926
Rock,1995,239663934
Rock,1984,158049565
Rock,1980,167452018
Rock,1980,148958827
Rock,1995,69059523
Dance/Electronic,2019,1138490572
Dance/Electronic,1983,96143748
Rock,1984,890565435
Rock,1984,434521044
Rock,1991,464434163
Rock,1984,130946923
Dance/Electronic,2012,31718294
Dance/Electronic,2012,31718294
Dance/Electronic,2011,360804163
Dance/Electronic,2016,418935629
Dance/Electronic,2012,176261180
Pop,1997,430022654
Rock,2015,122395141
Dance/Electronic,2018,979745544
Dance/Electronic,2015,602153066
Dance/Electronic,2013,297983302
Rock,1982,289331409
Rock,1992,257262552
Rock,1971,314464772
Metal,2003,314464772
Pop,1969,237538005
Dance/Electronic,2017,237538005
Dance/Electronic,1998,64383900
Metal,2015,636195740
Rock,1967,232736659
Rock,1971,330157289
Rock,1967,242648718
Rock,1967,253158175
Rock,1971,127636485
Rock,1969,92447600
Rock,1971,125717532
Rock,1991,970996804
Rock,1992,333630660
Rock,1991,232026969
Rock,1987,180557820
Rock,1992,134799456
Rock,1992,63204588
Rock,1992,65300545
Rock,1990,540138418
Rock,2011,265402285
Rock,1990,166627981
Rock,2011,0
Pop,2002,382561950
R&B/Soul,2004,243456781
Pop,2004,243456781
Rock,1970,86812330
Metal,1995,442492780
Metal,1995,278615322
Metal,1995,166994881
Hip Hop,2011,499536385
Dance/Electronic,2018,1197921844
Dance/Electronic,1979,343817778
Dance/Electronic,1977,110570404
Dance/Electronic,1977,23604673
Indie/Folk,2010,1153629875
Pop,1971,273587252
Pop,1975,139067533
Rock,1970,61903001
Rock,1985,999058226
Rock,1985,220570153
Rock,1989,108212130
Rock,1989,70048954
Rock,1982,1355029865
Rock,1978,528069993
Rock,1982,254807488
Rock,1986,136488911
Rock,1988,64078114
Rock,1988,21918565
Dance/Electronic,2017,331272487
Dance/Electronic,2017,48024358
R&B/Soul,1967,931115362
R&B/Soul,1983,299483954
Rock,1970,299483954
R&B/Soul,1982,319143311
R&B/Soul,1971,227444299
R&B/Soul,1973,248473631
Dance/Electronic,1998,701891360
Dance/Electronic,2017,202918470
Dance/Electronic,1998,98857291
Rock,1967,28799881
Dance/Electronic,1998,28799881
Dance/Electronic,1996,65416428
Dance/Electronic,1998,61676939
Rock,1981,1466430410
Pop,1980,431483986
Pop,1974,466519830
Dance/Electronic,1992,94358229
Pop,1974,94358229
Rock,2017,353138077
Hip Hop,2011,262576242
Rock,1991,82157034
Metal,1992,695046200
Rock,2003,1224350356
Rock,1974,1038381697
Rock,1973,463992990
Rock,1971,47404891
Dance/Electronic,2003,263108282
Rock,1977,376086351
Rock,1977,374517528
Rock,1976,374517528
Rock,1999,136927203
Metal,1991,289334811
Rock,1965,290340526
Rock,1963,164239415
Rock,1976,184267120
Rock,1964,190928895
Rock,1963,106638958
Rock,1965,93541470
R&B/Soul,1971,545720692
R&B/Soul,1977,479283663
Pop,1958,98732181
Rock,1969,98732181
Indie/Folk,2000,247417162
Indie/Folk,1988,0
Rock,1991,108213989
Rock,1974,90646036
Dance/Electronic,1985,1299777688
Dance/Electronic,1985,64511762
Pop,1958,98732181
Rock,1969,98732181
R&B/Soul,1994,218772526
Dance/Electronic,2011,43384851
Dance/Electronic,2012,43384851
Hip Hop,1996,518080621
Rock,1968,457568583
Rock,1964,455836086
Rock,1970,290830362
Rock,1970,231497769
Rock,1970,221431250
Rock,1966,91579617
Rock,1970,75653584
Dance/Electronic,1999,399661898
Dance/Electronic,2002,282765342
Dance/Electronic,1998,136332369
Rock,1990,140211873
Dance/Electronic,1999,128201040
Pop,2015,947117209
R&B/Soul,1984,374908872
R&B/Soul,1986,320875067
R&B/Soul,1984,194870867
R&B/Soul,1985,173523531
R&B/Soul,1984,89798826
R&B/Soul,1984,66628334
Dance/Electronic,1978,110735153
Pop,1982,82658228
Pop,1973,82658228
Rock,1967,762844275
Rock,1970,259257572
Rock,1989,106432184
R&B/Soul,2011,42727041
R&B/Soul,2011,42727041
Hip Hop,1996,518080621
Pop,1997,35278870
Pop,2012,75137770
Pop,2010,33524355
Metal,2000,704218472
Metal,2002,510259109
Rock,2011,394300734
Rock,2011,212353760
Rock,2011,88309636
Dance/Electronic,1981,135177436
Rock,1999,295287370
Rock,1970,78507272
Rock,1977,766947143
Rock,1979,230084158
Rock,1976,175547398
Pop,2010,38672908
Rock,1968,583331585
Rock,1967,210571134
Rock,1967,285082058
Rock,1967,245334601
Rock,1968,154610873
Rock,1967,92470376
Dance/Electronic,1978,37047825
Pop,2014,41954575
R&B/Soul,1995,725102
Rock,1982,812402699
Rock,1979,277262913
R&B/Soul,1968,515616223
Pop,1962,210786752
R&B/Soul,1966,118607879
Dance/Electronic,1993,247351792
Pop,1998,247696196
Dance/Electronic,1993,247696196
Dance/Electronic,1987,263611181
Dance/Electronic,1987,86696893
Dance/Electronic,1999,102322170
Rock,1984,15516282
Pop,1969,4096818
Dance/Electronic,1987,65936286
Pop,1993,715909325
Pop,1968,458707438
Pop,1967,458908495
Pop,1968,164794358
Rock,1980,180984654
Dance/Electronic,1998,98857291
Pop,1969,77276058
Rock,1980,21118796
Dance/Electronic,1983,807461121
Dance/Electronic,2014,552756900
Dance/Electronic,1986,196529760
Dance/Electronic,2016,196529760
Rock,1991,72692874
Country,2000,72692874
Dance/Electronic,2005,72692874
Dance/Electronic,1998,61676939
Pop,1995,102983829
Rock,1977,29891438
Pop,1988,30776596
Pop,1983,212373009
R&B/Soul,2016,212373009
R&B/Soul,2015,212373009
Dance/Electronic,2010,212373009
Pop,1993,41243108
Rock,1996,50859782
Indie/Folk,2017,63591251
Dance/Electronic,1997,93139948
Dance/Electronic,1993,300981550
Dance/Electronic,1999,224135250
Dance/Electronic,1999,0
Metal,2002,337925693
Metal,2002,147157433
Metal,2007,114871335
Metal,2002,60252375
Indie/Folk,1970,341440840
Metal,2011,293570322
Indie/Folk,1988,641327301
Indie/Folk,1988,246317260
Pop,2019,24072617
Pop,2006,0
Pop,1997,470561276
Pop,1997,207253227
Pop,1974,167758251
Pop,1974,90364613
Pop,1973,90964160
Pop,1984,4802731
R&B/Soul,2004,20100532
Pop,1972,107403116
Pop,1970,139409141
Dance/Electronic,2014,217064736
Dance/Electronic,2013,217064736
Pop,1966,543203799
Pop,1966,67955391
Rock,1986,0
Rock,1991,0
Rock,1978,0
Rock,1986,0
Rock,1983,0
Rock,1971,469305024
Rock,1971,216048073
Metal,2003,216048073
Rock,1969,169245733
Rock,1971,148410892
Rock,1965,208986875
Rock,1992,436524827
Rock,1981,185451974
Rock,1975,52567139
Dance/Electronic,1983,989478518
Dance/Electronic,1983,93672131
Rock,2006,1034332026
Rock,2004,125436478
Rock,2013,72665878
Rock,2006,27014086
Rock,2006,56348258
Rock,1959,360821701
Pop,1965,352306036
Pop,2005,352306036
Rock,2001,352306036
Pop,1958,151679548
Rock,1968,117300896
Dance/Electronic,2003,38947086
Rock,1993,581748805
Rock,2004,0
Rock,1996,64416732
Rock,1993,68858126
Pop,2000,0
Pop,1964,148654619
Indie/Folk,2000,483218480
Indie/Folk,1989,188998080
Indie/Folk,1985,95777131
Indie/Folk,2000,54041425
Dance/Electronic,1993,242130793
Dance/Electronic,2002,131949778
Dance/Electronic,1982,56561842
Pop,1960,369159971
Pop,1968,171073005
Rock,1989,536601813
Rock,1972,414889413
Rock,1973,267561421
Rock,1978,206600175
Rock,1986,488959947
Rock,1975,166559331
Rock,1986,106476004
Rock,1986,84213512
Rock,1980,40408098
Rock,1975,39541367
Dance/Electronic,1993,208328272
Dance/Electronic,1989,181359966
Rock,1969,132901124
Dance/Electronic,1993,132901124
Dance/Electronic,1991,87175111
Dance/Electronic,1984,33092833
Dance/Electronic,1996,832914421
Dance/Electronic,2017,29672483
Pop,1969,555209503
Pop,1971,62566222
Pop,1968,43661041
Pop,1979,37038938
Pop,1978,27582760
Pop,1996,25680695
Dance/Electronic,1989,232803655
Indie/Folk,1991,81237570
Pop,1980,64000309
Rock,1993,151814181
Rock,2004,0
Pop,2011,84461994
Rock,1972,0
Rock,1970,0
Rock,2000,0
Dance/Electronic,2017,18456096
Rock,1984,6632707
Rock,1995,533242757
Metal,2000,113764418
Pop,2016,169498019
Rock,1991,30438063
Country,2000,30438063
Dance/Electronic,2005,30438063
Pop,2010,11345192
Dance/Electronic,1994,5818631
Rock,1972,182238193
Pop,2017,225843104
Indie/Folk,2014,173097853
Rock,2008,256341255
Rock,1991,205496070
Jazz/Latin,2006,187913246
Jazz/Latin,2006,40578708
Rock,1998,0
Dance/Electronic,2017,194379950
Country,2002,79183801
Dance/Electronic,2006,79183801
Pop,1999,565848495
Pop,1999,59704806
Rock,1976,632278059
Rock,1978,36834885
Metal,2007,387780639
Rock,1977,529832569
Rock,1976,505197082
Rock,1969,92944392
Rock,1977,335501752
Rock,1987,290725288
Rock,1975,122647487
Rock,2017,353138077
Dance/Electronic,2008,0
Indie/Folk,1977,3836397
Metal,1987,34658510
Pop,1976,24305212
Dance/Electronic,2016,89179982
Dance/Electronic,1997,44076614
Rock,1975,165791667
Rock,1979,1554029
Pop,2014,33678230
Pop,2005,33678230
Soundtrack,2016,16778947
Indie/Folk,1967,114623979
Pop,1987,114623979
Rock,1994,109391806
Indie/Folk,1984,109391806
Pop,2009,109391806
Indie/Folk,2016,62532499
Indie/Folk,1971,56932454
Indie/Folk,1967,54494351
Hip Hop,1996,518080621
Rock,1980,92093771
Rock,1980,356312922
Metal,2015,36358374
Pop,1962,383161146
Pop,2010,171297511
Pop,1963,52833152
Rock,1990,3415237
Pop,2012,3415237
Pop,1986,405682335
Pop,1991,158618084
Pop,1991,20845223
Pop,1988,10491394
Rock,2007,0
Rock,1985,20952335
Indie/Folk,2005,8629387
Pop,1997,37846515
R&B/Soul,1967,931115362
Rock,2000,351514
Rock,1977,323795115
Rock,1977,131908838
Rock,1990,45949431
Pop,2009,32723170
Rock,1971,5072229
Dance/Electronic,2013,45695736
Rock,1988,68945635
Pop,1973,58107218
Indie/Folk,2013,76055672
Indie/Folk,2014,76055672
Rock,1999,869488973
Rock,1974,162383972
Rock,1969,146914828
Rock,1987,64985898
Rock,1986,56141885
Rock,1997,0
Rock,1996,597510470
Dance/Electronic,1996,35874741
Pop,1992,16668187
Rock,2004,2345302
Dance/Electronic,2018,30854723
Rock,1990,25343174
Rock,1971,75959833
Rock,1971,43843415
Rock,1977,46954804
Rock,1976,46954804
Rock,1970,8199847
Rock,1973,690313
Pop,1969,0
Pop,2011,22264848
Rock,1977,201401196
Rock,1986,0
Rock,1986,0
Rock,1986,0
Indie/Folk,2016,13617164
Rock,1980,245359052
Rock,1986,457324848
Rock,1986,92550543
Rock,1987,264620800
Rock,1987,234087978
Pop,1980,133419253
Pop,1980,89046665
Pop,1974,55074119
Pop,1978,27582760
Pop,1981,35568373
Dance/Electronic,1977,16835071
Pop,2010,316365091
Dance/Electronic,1997,104125277
Rock,1985,123105706
Dance/Electronic,2016,2672325
Indie/Folk,2004,2160285
Rock,2017,33754667
Pop,2007,59164677
Dance/Electronic,2018,15494576
Dance/Electronic,2017,15494576
Rock,1989,328124343
Rock,1972,131957102
Rock,1978,9025600
Rock,1977,142884122
Rock,1993,168134833
Rock,1977,64413552
Rock,1977,77552106
Rock,1977,46414630
Rock,1966,80315011
Rock,1986,80315011
Indie/Folk,2005,19565751
Pop,1997,31233842
Pop,1972,352797467
Pop,1992,7311421
Indie/Folk,2011,23713815
Hip Hop,2011,15557954
Pop,1967,54201521
R&B/Soul,1966,169001987
Pop,1967,44964661
R&B/Soul,1966,110384717
Dance/Electronic,1981,545850772
Rock,1976,441277003
Rock,1976,21305089
Pop,1971,559189757
Pop,1971,159742394
Pop,1996,626845940
Pop,1996,35491574
Pop,1996,11654192
Pop,1996,14137431
Pop,1969,11665464
Dance/Electronic,2017,11665464
Indie/Folk,2014,22746724
Rock,1984,418039372
Rock,1989,54358108
Indie/Folk,2004,6945187
Rock,1971,216674058
Rock,1971,78640481
Pop,1958,43125664
Rock,1969,43125664
Rock,1971,41796649
Dance/Electronic,1998,42263458
Rock,1967,326605562
Rock,1968,240874015
Rock,1983,139103162
Rock,1967,65287775
Rock,1984,2523860
Metal,1987,83360155
Pop,1979,35262792
Dance/Electronic,2015,35262792
Rock,1976,341043897
Metal,1998,78119209
Rock,1972,78119209
Pop,1975,162344280
Dance/Electronic,2017,168070795
Rock,1994,805343
Indie/Folk,1984,805343
Pop,2009,805343
Dance/Electronic,2000,364674916
Rock,2007,9838618
Rock,2019,62502141
Metal,2011,32954129
Dance/Electronic,2018,32954129
Metal,2007,28856861
Rock,2019,40268672
Rock,1999,9079654
Dance/Electronic,1978,31263277
Indie/Folk,2011,6628197
Dance/Electronic,2015,9724280
Metal,2001,259859910
Metal,1997,403740563
Metal,1997,187156882
Rock,1980,1443216194
Rock,1980,551130364
Rock,1977,567937359
Dance/Electronic,2013,807905112
Dance/Electronic,2002,456122577
Pop,2014,280500270
Pop,2014,280500270
Dance/Electronic,2011,1270523403
Dance/Electronic,2012,1270523403
Dance/Electronic,2010,633115670
Pop,2017,102391139
Pop,2015,102391139
Metal,2001,718418845
Pop,2014,218072638
Dance/Electronic,2013,153246376
Pop,2015,153246376
Dance/Electronic,2013,483067294
Dance/Electronic,2012,509132127
Rock,1983,1404555748
Rock,1978,495176429
Rock,1979,350399696
Rock,1981,277216751
Rock,1980,139266734
Rock,1978,119416945
Rock,1979,108649585
Rock,1997,24343091
Rock,1979,684499742
Rock,1985,145446807
Dance/Electronic,2013,220604728
Pop,2017,151880660
Pop,1978,153618899
Pop,1978,23652657
Rock,1994,858814062
Rock,1993,437835635
Rock,1988,297651397
Rock,1994,191330016
Rock,1989,64625323
Jazz/Latin,2001,335077834
Pop,2018,293825176
Rock,1987,245704292
Rock,2011,44048814
Pop,1990,432762163
Dance/Electronic,2015,48489864
Dance/Electronic,1983,989478518
Dance/Electronic,1983,93672131
Pop,1992,83478300
Rock,1973,442465848
Rock,1992,188562184
Rock,1994,298200376
Rock,1986,176783017
Pop,1976,322693579
Pop,1970,93536322
Pop,2017,629760955
Dance/Electronic,2011,543246526
Dance/Electronic,2011,346448655
Rock,1972,503532637
Rock,1972,160985238
Metal,2002,27691603
Rock,2004,24513821
Metal,1986,76158128
Pop,2017,61426418
Dance/Electronic,2019,13151755
Pop,2016,16488631
Rock,1976,246602574
Pop,1969,0
Metal,1992,0
Rock,2019,0
Rock,1985,28468932
Rock,2016,22544525
Pop,1967,79739086
Dance/Electronic,2017,742422685
R&B/Soul,2004,10072726
Rock,1967,18534972
Pop,2010,19579597
Pop,1962,577193378
Pop,1962,174033542
Dance/Electronic,1987,643466661
Dance/Electronic,1998,223895918
Dance/Electronic,2017,82021602
Pop,2001,385301938
Pop,2013,560385824
Indie/Folk,1978,35687420
R&B/Soul,1994,342900434
Pop,1962,37959762
Rock,1984,333209828
Rock,1984,5367157
Pop,2005,171202171
Pop,2003,108759699
Rock,1997,94687300
Rock,1996,50859782
Rock,1991,1520672936
Rock,1991,917973701
Rock,1993,520267818
Rock,1994,328108571
Rock,1991,459674766
Rock,1993,153254208
Rock,1993,190780281
Pop,1970,1651772677
Pop,2019,1651772677
Pop,2019,1651772677
Pop,2012,1302191678
Pop,2014,1151909237
Pop,2015,1502780803
Pop,2015,1502780803
Dance/Electronic,2013,1034482506
Pop,2015,1034482506
Pop,2012,633577750
Pop,1965,356178499
Pop,2005,356178499
Rock,2001,356178499
Pop,2014,282927803
Pop,2005,282927803
Pop,2007,270525777
Metal,1997,750136852
Metal,2007,589718293
Metal,1999,429307999
Metal,2005,499422347
Metal,2002,293045629
Metal,2002,173873903
Metal,2011,192681635
Metal,2009,186839851
Dance/Electronic,2018,937297582
Dance/Electronic,2017,1159077755
Pop,2011,302465785
Pop,2008,1511693506
Pop,2012,736204200
Rock,1978,192778082
Rock,1986,94039383
Rock,2007,1130582793
Pop,2014,84018048
Pop,2010,57997222
Rock,1992,181537653
Dance/Electronic,1998,106645404
Pop,2017,174115231
Pop,2015,174115231
Dance/Electronic,1983,989478518
Dance/Electronic,1983,93672131
Rock,2005,41097163
Rock,1976,70886206
Pop,2014,144244482
Rock,1980,91357177
Dance/Electronic,2016,1089163472
Dance/Electronic,2016,501582439
Dance/Electronic,2015,454972089
Dance/Electronic,2011,98685187
Rock,2012,463086
Rock,1970,117551068
Dance/Electronic,1997,129338689
Dance/Electronic,1997,98419201
Dance/Electronic,1997,109366004
Rock,1977,9329896
Rock,1976,9329896
Indie/Folk,2006,394548991
Indie/Folk,2006,22029829
Country,2000,2431314
Dance/Electronic,2017,38939494
R&B/Soul,2004,23827245
Pop,1980,64000309
Dance/Electronic,2017,33895678
Indie/Folk,2005,887369479
Pop,2014,183969494
Dance/Electronic,2017,5252743
Dance/Electronic,2013,726264420
Dance/Electronic,2013,726264420
Dance/Electronic,2014,10008636
Dance/Electronic,2017,143547079
Rock,1994,40778545
Indie/Folk,1984,40778545
Pop,2009,40778545
Rock,1971,784067661
Rock,1970,556875980
Rock,1969,493245427
Rock,1971,297595067
Indie/Folk,2013,1944651744
Indie/Folk,2014,1944651744
Pop,2018,12011062
Rock,2004,1646743223
Rock,2004,578122090
R&B/Soul,2017,431311658
Rock,2008,431311658
Dance/Electronic,2018,559384950
Pop,2013,165066980
Dance/Electronic,2015,233212157
R&B/Soul,2006,694280349
R&B/Soul,2006,414914866
R&B/Soul,2006,372312004
R&B/Soul,2006,302457737
R&B/Soul,2006,172350115
Rock,1978,0
Rock,1985,0
Rock,1980,0
Rock,1985,0
Rock,1985,0
Rock,1985,29767346
Rock,1985,0
Rock,1980,0
Pop,2017,186369505
Dance/Electronic,2018,713211866
Dance/Electronic,2019,713211866
Dance/Electronic,2018,559384950
Dance/Electronic,2019,223322925
Rock,2008,1044029601
Rock,2008,654228901
Rock,2010,159117136
Dance/Electronic,2017,187288984
Rock,1994,353123597
Indie/Folk,1984,353123597
Pop,2009,353123597
Metal,2015,47682619
Rock,2004,881477862
Rock,2004,362387670
Rock,2012,66191071
Rock,2004,48776995
Rock,2004,52383791
Metal,2003,749278645
Metal,2003,410612015
Rock,1991,66098488
Pop,1983,51165292
R&B/Soul,2016,51165292
R&B/Soul,2015,51165292
Dance/Electronic,2010,51165292
Pop,2011,247501664
Rock,2006,130647207
Rock,1977,350860668
Rock,1980,162514866
Rock,1985,0
Rock,1977,313806838
Rock,1979,292139107
Rock,1979,123720230
Rock,1979,94089763
Rock,1974,75028394
Rock,1982,51779427
Rock,1974,47289833
Rock,2005,969429694
R&B/Soul,1995,14602380
Dance/Electronic,2000,14602380
Pop,2015,30634973
Rock,2004,649504490
Pop,2011,1318267448
Jazz/Latin,2018,337622805
Dance/Electronic,2017,15092838
R&B/Soul,1989,200929081
R&B/Soul,1991,180004883
R&B/Soul,1985,162967055
R&B/Soul,2004,82503383
Pop,2004,82503383
R&B/Soul,1995,25066191
Rock,2017,74108200
Dance/Electronic,2002,74108200
Pop,2010,20850494
Indie/Folk,2018,23680851
Pop,1969,19337506
Dance/Electronic,2017,19337506
Dance/Electronic,2017,119383129
Jazz/Latin,2015,62563413
Pop,2014,98928593
Pop,2005,98928593
Dance/Electronic,1997,13843423
Rock,2006,1937579
Dance/Electronic,2003,88167744
Metal,2000,18623819
Metal,1987,1397611294
Metal,1991,732170807
Metal,1987,885393374
Metal,1991,538458697
Metal,1991,394352271
Metal,1987,842826610
Metal,1991,175405332
Metal,1987,280594347
Dance/Electronic,2010,387515049
Indie/Folk,2005,725679412
Indie/Folk,2005,267271313
Country,2010,339639033
Rock,2012,29737983
Indie/Folk,2018,9120922
Rock,1985,973808944
Indie/Folk,1978,9921556
Pop,2013,267559996
Indie/Folk,2006,202466711
Rock,1997,808323461
Rock,1997,106804662
Pop,1991,196756560
Rock,1973,382532024
Rock,1976,130683787
Rock,1973,74476709
Dance/Electronic,2004,482619005
Rock,1971,20597114
Rock,1988,34349450
Rock,1981,11507787
Rock,1988,0
Hip Hop,2013,7490574
Dance/Electronic,2015,60364632
Rock,2013,1589532270
Rock,2007,619166969
Rock,2006,341275107
Pop,2018,1036635597
Pop,2016,1150692722
Dance/Electronic,2016,1389243583
Pop,2010,648916568
Dance/Electronic,2017,933966110
Pop,2011,1018031880
Dance/Electronic,2013,1741876368
Dance/Electronic,2013,936540661
Dance/Electronic,2015,362292694
Rock,1994,1336763515
Pop,2018,1336763515
Dance/Electronic,2015,981156901
Dance/Electronic,2013,208977128
Dance/Electronic,2017,171285749
Pop,2014,270408673
Pop,2014,270408673
Metal,2013,171149690
Indie/Folk,2008,16401909
Pop,2013,141709277
Dance/Electronic,2016,29836448
Dance/Electronic,2012,968714963
Rock,1984,595238190
Rock,1977,171408139
Rock,1984,26322169
Rock,2012,73259995
Dance/Electronic,1977,929862
Rock,1994,1720239
Rock,1973,6908786
Dance/Electronic,2010,533889859
Pop,2017,2312689776
Pop,2015,2312689776
Pop,2017,3362005201
Pop,2017,3362005201
Pop,2014,2067689483
Pop,2014,2154334378
Pop,2015,2154334378
Pop,2017,1160906130
Dance/Electronic,2019,1160906130
Dance/Electronic,2013,691252064
Dance/Electronic,2018,713211866
Dance/Electronic,2019,713211866
Dance/Electronic,2013,780532094
Dance/Electronic,2017,698790385
Hip Hop,2015,1521254554
Dance/Electronic,2018,1719434482
Dance/Electronic,2018,1719434482
Dance/Electronic,2016,1389243583
Dance/Electronic,2014,1162962817
Pop,2011,1018031880
Pop,1969,830392892
Dance/Electronic,2017,830392892
Pop,1979,933065966
Dance/Electronic,2015,933065966
Dance/Electronic,1986,372604524
Dance/Electronic,1984,199236015
Dance/Electronic,1986,142773843
Pop,2019,1191462347
Pop,2019,449614888
Dance/Electronic,2000,262839524
Pop,2013,1785368454
Pop,2014,1785368454
Dance/Electronic,2018,100222160
Dance/Electronic,2010,807771340
Dance/Electronic,2010,399373513
Pop,2016,68028620
Pop,2016,22572182
Soundtrack,1995,5193406
Rock,2004,303125145
Rock,2004,106204235
Rock,1990,118783401
R&B/Soul,2014,94138695
Rock,2009,14390299
Pop,1991,52624277
Dance/Electronic,2009,461353954
Pop,2018,125665816
Pop,2018,36319302
Rock,1976,70293185
Pop,2018,1456860581
Dance/Electronic,2010,1456860581
Dance/Electronic,2014,1067826820
Dance/Electronic,2013,884721001
Dance/Electronic,2012,600106818
Dance/Electronic,2011,755406330
Dance/Electronic,2011,777626685
Dance/Electronic,2010,569808223
Dance/Electronic,2014,1805319715
Dance/Electronic,2010,492010350
Rock,2004,391962525
Dance/Electronic,2011,319781459
Dance/Electronic,2015,908429469
Country,2015,637878175
Metal,2002,14678351
Rock,1967,9840486
Indie/Folk,2011,535403389
Dance/Electronic,2013,52889205
Pop,2015,42511736
Pop,2009,722904665
Pop,2012,450283834
Dance/Electronic,1978,1203987
Dance/Electronic,2010,412261155
Pop,1965,13705675
Pop,2018,5555742
Dance/Electronic,2010,5555742
R&B/Soul,2007,37004182
Dance/Electronic,2012,201949875
Dance/Electronic,2012,201949875
Indie/Folk,2018,60663749
Pop,1979,49115912
Dance/Electronic,2017,885416
Metal,1994,513702543
Pop,2015,1446878711
Pop,2014,1682210631
Pop,2014,1682210631
R&B/Soul,2011,925812543
R&B/Soul,2012,925812543
R&B/Soul,2011,1468111036
R&B/Soul,2011,1468111036
R&B/Soul,2011,1303798870
R&B/Soul,2016,1019157251
R&B/Soul,2016,1019157251
R&B/Soul,2008,882417588
Rock,2012,221383556
Dance/Electronic,2018,2004338878
Dance/Electronic,2009,879720666
Dance/Electronic,2010,879720666
Dance/Electronic,2018,903516947
Dance/Electronic,2008,852750053
Dance/Electronic,2011,278948888
Dance/Electronic,2013,384423735
Dance/Electronic,2016,683487486
Pop,2015,1125379891
Dance/Electronic,2011,616294452
Dance/Electronic,2012,802806166
Dance/Electronic,2019,972295599
Dance/Electronic,2018,1186630029
Indie/Folk,2004,697252311
Rock,2015,1192234379
Rock,2015,364175319
Dance/Electronic,2013,1790784163
Dance/Electronic,2013,1790784163
Dance/Electronic,2013,821756193
Dance/Electronic,2014,821756193
Dance/Electronic,2013,303695739
Dance/Electronic,2013,572915837
Dance/Electronic,2018,1049798982
Dance/Electronic,2016,476086791
Dance/Electronic,2015,266844490
Dance/Electronic,2019,514378612
Hip Hop,2018,749856986
Hip Hop,2016,1130630271
Dance/Electronic,2010,864879772
Dance/Electronic,2013,538243745
Dance/Electronic,2011,236997309
Dance/Electronic,2017,453722710
Dance/Electronic,2010,181617723
Dance/Electronic,2010,152585830
Dance/Electronic,2011,129920709
Pop,2009,637360997
Pop,2010,637360997
Pop,2013,391907833
Pop,2013,179263205
Rock,2014,517947759
Rock,2008,460819647
Rock,2008,667156807
Rock,2012,126716803
Dance/Electronic,2013,1741876368
Dance/Electronic,2013,936540661
Dance/Electronic,2015,362292694
Pop,2012,971751557
Pop,2012,450283834
Pop,2015,432969605
Pop,2017,126829167
Pop,2016,146536580
Rock,1972,116968498
Pop,2017,74448624
Rock,1991,184276611
Dance/Electronic,2015,184276611
Rock,2017,58198075
Pop,2014,144604914
Dance/Electronic,2013,114091935
Rock,2012,84840590
Indie/Folk,1988,119131709
Dance/Electronic,2014,45331115
Rock,1984,55580140
Pop,1962,21450599
Pop,2011,1318267448
Rock,1985,70615697
Rock,2017,2369272335
Rock,2017,1900080651
Rock,2012,1643098973
Rock,2018,972016370
Rock,2017,968589615
Rock,2018,831122837
Dance/Electronic,2018,831122837
Rock,2012,1470259042
Dance/Electronic,2012,1439566947
Pop,2017,1562466168
Rock,1977,1464356586
Dance/Electronic,2010,1464356586
Pop,2011,1464356586
Pop,2010,1464356586
Pop,2014,744550173
Dance/Electronic,2016,1188857393
Pop,2017,1188857393
Dance/Electronic,2010,935028274
Pop,2011,935028274
Pop,2015,1975866785
Pop,2016,1975866785
Pop,2015,1975866785
Rock,2017,1740759086
Pop,2016,1740759086
Pop,2015,1740759086
Pop,2010,625188054
Pop,2015,1377607834
Rock,2015,1833638048
Rock,2016,1475767872
Rock,1987,48598047
Dance/Electronic,2015,1327271339
Dance/Electronic,2014,636434575
Dance/Electronic,2015,168015872
Dance/Electronic,2013,797901061
R&B/Soul,2007,4849085
Dance/Electronic,2016,104805994
R&B/Soul,2017,36627401
Rock,2008,36627401
Rock,2009,564208283
Rock,2012,574512846
Rock,2009,429210937
Rock,2006,78530465
Rock,2018,118454675
Rock,2012,130802455
Pop,1969,4096818
Pop,2015,30634973
Indie/Folk,2014,2940254
Dance/Electronic,2018,2004338878
R&B/Soul,2015,472628386
Dance/Electronic,1989,208329835
Rock,1987,21864412
Dance/Electronic,2018,22259505
Dance/Electronic,2016,1649785651
Dance/Electronic,2010,466958525
Dance/Electronic,2011,173486809
Rock,2002,24197962
Dance/Electronic,2012,561601833
Dance/Electronic,2010,105765929
Pop,2012,886218159
Pop,2012,584310646
Rock,1970,145884770
Rock,1973,15431838
Dance/Electronic,2007,6112137
Dance/Electronic,2010,1582446481
Pop,2015,912272058
Pop,2012,859532201
Pop,2013,940793629
Pop,2013,940793629
Pop,2015,614725405
Pop,2017,649972372
Pop,2015,649972372
Pop,2013,447745414
Dance/Electronic,2018,1453272135
Hip Hop,2015,1521254554
Rock,1984,467011916
Rock,1993,173954456
Hip Hop,2018,133482423
Dance/Electronic,2013,1741876368
Dance/Electronic,2013,936540661
Dance/Electronic,2015,362292694
Dance/Electronic,2014,820752768
Dance/Electronic,2005,881783821
Rock,1989,130505153
Dance/Electronic,2018,403097672
Rock,1970,583381774
Indie/Folk,2014,1032592788
Pop,2015,1125379891
Pop,2011,410953652
Rock,1990,378855584
Pop,2012,378855584
Pop,2011,1393746825
Dance/Electronic,2011,1261326446
Dance/Electronic,2011,444175576
Dance/Electronic,2014,387872461
Dance/Electronic,2016,14179541
Indie/Folk,2011,210525989
Pop,1975,45034338
Dance/Electronic,1996,154912230
Pop,1991,169924949
R&B/Soul,2017,2180812000
R&B/Soul,2016,1762745054
R&B/Soul,2015,1762745054
Dance/Electronic,2015,847645952
Dance/Electronic,2015,1041560286
Pop,2015,880463196
Dance/Electronic,2016,451229648
Dance/Electronic,2016,894761886
Dance/Electronic,2015,433250229
Dance/Electronic,2016,393812979
Dance/Electronic,2015,702906978
Dance/Electronic,2015,384333791
Pop,1981,117982844
R&B/Soul,2017,160014836
Dance/Electronic,2017,1724608032
Dance/Electronic,2019,1379765140
Dance/Electronic,2017,884122006
Dance/Electronic,2016,668108317
Dance/Electronic,2015,175800675
Pop,1991,249471068
Dance/Electronic,2017,571078074
Dance/Electronic,2018,272398259
Rock,1995,628232520
Pop,2017,1798354650
Dance/Electronic,2019,1798354650
Hip Hop,2013,1229480697
Hip Hop,2014,1229480697
Hip Hop,2013,155017085
Dance/Electronic,2017,1312649614
Dance/Electronic,2015,1096645997
Pop,2019,371025581
Dance/Electronic,2015,877421698
Pop,2016,1512274920
Pop,2016,1512274920
Indie/Folk,2014,347522637
Indie/Folk,2011,702358507
Indie/Folk,2016,120368452
Indie/Folk,2014,225416862
Hip Hop,2014,633676785
Pop,2014,127028622
Rock,2015,196048808
Pop,2017,196048808
Pop,2014,1283596592
Pop,2014,68722902
Pop,2005,68722902
Pop,2012,828553788
R&B/Soul,2017,32931826
Rock,2008,32931826
Rock,1971,226167156
Indie/Folk,2011,29642283
Dance/Electronic,2017,2456205158
Hip Hop,2002,1666992690
Hip Hop,2018,749856986
Dance/Electronic,2018,540947457
Dance/Electronic,2016,1218983885
Hip Hop,2016,1130630271
Dance/Electronic,2019,557976087
Pop,2013,595409929
Rock,2013,1425072547
Rock,1966,80878055
Rock,1986,80878055
Dance/Electronic,2017,2030825694
Dance/Electronic,2017,2030825694
Dance/Electronic,2017,2456205158
Dance/Electronic,2016,1649895796
Dance/Electronic,2017,1038583130
Dance/Electronic,2019,561437488
Dance/Electronic,2019,557976087
Dance/Electronic,2016,931716440
Dance/Electronic,2019,773933173
Dance/Electronic,1993,208328272
Pop,2018,1492403486
Pop,2014,531668029
Dance/Electronic,2016,1218983885
Dance/Electronic,2018,375166259
Dance/Electronic,2017,571078074
Pop,2013,993183944
Pop,2014,635428540
Dance/Electronic,2016,368206454
Dance/Electronic,2015,877421698
Pop,2013,914703845
Rock,1994,240203114
Pop,2018,240203114
Dance/Electronic,2016,520159923
Rock,1976,70293185
Dance/Electronic,2019,899187774
Pop,2018,437017343
R&B/Soul,2017,773849349
Rock,2008,773849349
Dance/Electronic,2019,604552735
R&B/Soul,2017,289089556
Rock,1994,39768633
Dance/Electronic,2008,4285418
Pop,2014,541876450
Dance/Electronic,2010,9701786
Country,2002,185614625
Dance/Electronic,2006,185614625
Rock,1973,209246207
Dance/Electronic,2018,1683178074
Rock,1987,609488169
Pop,2015,931490889
Dance/Electronic,2015,101409667
Indie/Folk,2014,0
Pop,2019,888364294
Dance/Electronic,2013,46462152
Pop,2015,889360130
Pop,2018,790020794
Dance/Electronic,2011,298395323
Dance/Electronic,2012,298395323
Rock,2016,225453156
Dance/Electronic,2019,561437488
Pop,2012,407583451
Dance/Electronic,1981,12616901
Dance/Electronic,2016,59960411
Dance/Electronic,2015,240185996
Country,2018,517385494
Pop,1991,34774461
Dance/Electronic,2018,0
Pop,2010,183172334
Hip Hop,2011,184739334
Dance/Electronic,2016,1270912565
Dance/Electronic,2015,18298540
Dance/Electronic,2015,183465021
Rock,2006,1163854443
Pop,2014,771281574
Dance/Electronic,2017,354905608
Pop,2018,1546722489
Pop,2017,1697308263
Rock,2015,1112788942
Pop,2017,1112788942
Pop,2019,2336219850
Pop,2016,1534955467
Pop,2015,1534955467
Pop,2018,809589128
Pop,2018,809589128
Rock,1976,534816983
Rock,1989,161948151
Pop,1975,45034338
Pop,2015,48254814
Hip Hop,2013,468581960
Dance/Electronic,2016,122991698
R&B/Soul,2004,212368074
Dance/Electronic,2017,98205545
Dance/Electronic,2015,331219313
Pop,1975,23409691
Rock,2015,360285516
Dance/Electronic,2014,13402942
Rock,1984,413970634
Pop,1981,117982844
Dance/Electronic,2017,144219833
Rock,1976,106099716
Dance/Electronic,2018,336824862
Dance/Electronic,2018,979745544
Dance/Electronic,2016,1089163472
Dance/Electronic,2018,429041663
Country,2002,17892648
Dance/Electronic,2006,17892648
Metal,2003,46508509
Pop,2015,18441230
Pop,2015,18441230
Rock,1987,58885905
Rock,1976,106099716
Rock,1976,101057465
Dance/Electronic,2018,1719434482
Dance/Electronic,2018,1719434482
Dance/Electronic,2018,1807370674
Dance/Electronic,2018,1364542951
Indie/Folk,2004,242279118
Metal,2003,203066841
Pop,2017,1798354650
Dance/Electronic,2019,1798354650
Dance/Electronic,2018,1322057199
Dance/Electronic,2018,1186630029
Dance/Electronic,2010,64719419
Pop,2019,2336219850
Dance/Electronic,2018,1848654151
Dance/Electronic,2018,1848654151
Pop,2019,670643659
Pop,2016,523805243
Dance/Electronic,2010,357957021
Pop,2018,1456860581
Dance/Electronic,2010,1456860581
Pop,2019,670643659
Pop,2018,683821801
Rock,1973,513853858
Dance/Electronic,2015,534021884
Dance/Electronic,2011,19737140
R&B/Soul,2016,1162340580
Dance/Electronic,2017,1098764242
R&B/Soul,2016,525260833
R&B/Soul,2015,525260833
Pop,2014,105658892
Pop,2005,105658892
Rock,1984,50618425
Pop,2014,34324083
Pop,2005,34324083
Rock,1971,178395095
Dance/Electronic,2017,854521680
Indie/Folk,1988,996278238
Dance/Electronic,2016,786530746
Rock,2017,1468000
Country,1987,5566454
R&B/Soul,2016,484573
R&B/Soul,2015,484573
Dance/Electronic,2017,6973794
Pop,2014,26435055
Pop,2005,26435055
Pop,2019,371025581
Dance/Electronic,2016,113167612
Dance/Electronic,2019,2203014126
Rock,1991,4594547
Pop,1970,179237341
Pop,2019,179237341
Pop,2019,179237341
Dance/Electronic,2011,68018304
Rock,1992,43784974
Indie/Folk,2011,169813706
Pop,2019,1003155181
Rock,1984,19199245
Dance/Electronic,2017,1344026787
Dance/Electronic,2016,1129292536
Dance/Electronic,2019,454098750
Dance/Electronic,2018,279529219
Dance/Electronic,2018,725742418
Dance/Electronic,2017,809141465
Rock,2006,182973557
Rock,1990,22315025
Metal,2003,45267425
Pop,1992,66783501
Pop,2010,9838884
Rock,1976,70293185
Dance/Electronic,1977,227543375
Dance/Electronic,2011,515623742
Dance/Electronic,2012,515623742
Pop,1992,270004806
Dance/Electronic,2002,291540678
Rock,1984,22303596
Dance/Electronic,2014,1301489342
Dance/Electronic,2017,1193530938
Dance/Electronic,2018,1193530938
Pop,2018,2634013335
Pop,2019,2634013335
Rock,1994,243903090
Dance/Electronic,2005,81003862
Pop,1991,249471068
Rock,1987,31070069
Dance/Electronic,2017,68720889
R&B/Soul,1982,62286162
Dance/Electronic,2017,18687721
Pop,2010,183172334
Dance/Electronic,2016,19528989
Pop,2014,39059839
Pop,2010,183172334
Indie/Folk,2017,96338199
Pop,1975,23409691
Hip Hop,2000,24953041
R&B/Soul,1995,26151549
Rock,1971,5619017
Dance/Electronic,2000,43286718
Pop,2008,51491441
Hip Hop,2000,24953041
R&B/Soul,1995,26151549
Rock,1971,5619017
Dance/Electronic,2000,43286718
Pop,2008,51491441
Pop,2016,42512353
Hip Hop,2013,10363246
Rock,1966,6799735
Rock,1986,6799735
Dance/Electronic,2011,2777926
Dance/Electronic,2012,2777926
Pop,2017,261766891
Dance/Electronic,2016,26227619
Dance/Electronic,2018,0
Country,2002,0
Dance/Electronic,2006,0